[
  {
    "firstName": "Phukrit",
    "lastName": "Kittinontana",
    "category": "Computer",
    "occupation": "Hacker",
    "email": "phukrit7171@gmail.com",
    "password": "1234567890"
  },
  {
    "firstName": "ภูกริช",
    "lastName": "กิตตินนท์ธนา",
    "category": "computer",
    "occupation": "software-developer",
    "email": "phukrit_kittinontana@cmu.ac.th",
    "password": "1234567890"
  },
  {
    "firstName": "Mr.Phukrit",
    "lastName": "Kittinontana",
    "category": "computer",
    "occupation": "software-developer",
    "email": "phukrit2005@gmail.com",
    "password": "123456789"
  }
]